Variavel,Coeficiente,StdErr,Z_stat,Odds Ratio,P-valor,Significancia,Interpretacao
const,-21.490933302362752,1.2109938455979516,-17.746525616528785,4.640943228473165e-10,1.833523038195428e-70,***,Intercepto
RWA_Credito_lag4,-79.13300141599593,4.873283449877656,-16.238128200398968,4.295108593401616e-35,2.7106978731122036e-59,***,Maior RWA Credito REDUZ risco (protetor forte)
RWA_Mercado_lag4,1.189539228179653,0.3297619408341463,3.6072665789468155,3.2855669618791836,0.0003094396993162001,***,RWA Mercado nao significativo
RWA_Operacional_lag4,0.8966317546192302,2.062053370123804,0.4348247080362411,2.451332500880922,0.6636896689839732,,Maior RWA Operacional AUMENTA risco (direto)
Capital_Principal_lag4,-0.07701767428506762,0.056611722484783134,-1.3604545296386181,0.9258734893098955,0.17368613263315102,,Maior Capital REDUZ risco (protetor moderado)
Alavancagem_lag4,-0.5943949013207623,0.07419078419052606,-8.011708028241394,0.5518964166440987,1.1312618038381203e-15,***,"Maior Alavancagem REDUZ risco (direto, contra-intuitivo)"
PIB_lag4,0.0981208363120782,0.05936599382667535,1.6528121570498977,1.1030960711165525,0.0983690991156321,*,Crescimento PIB REDUZ risco (protetor fraco)
Spread_lag4,0.43139395050454116,0.058714176007609004,7.347355951118774,1.5394018786640646,2.0216597831426968e-13,***,Maior Spread AUMENTA risco (custo de funding)
RWA_Operacional_lag4_x_Alavancagem_lag4,2.606826448201553,0.47563804760044615,5.480693694191986,13.555961968109028,4.2366141042882425e-08,***,INTERACAO: Risco Operacional x Alavancagem AMPLIFICA risco
